ASM Sumut,shanty106.dewi@solinda.co.id
ASM SUMBAGSEL,shanty107.dewi@solinda.co.id
ASM PEKANBARU + BATAM + PADANG,shanty108.dewi@solinda.co.id
ASM  TANGERANG,shanty109.dewi@solinda.co.id
ASM  SAMARINDA,shanty110.dewi@solinda.co.id
ASM  JAKARTA BEKASI,shanty111.dewi@solinda.co.id
ASM JABAR,shanty112.dewi@solinda.co.id
ASM JATENG,shanty113.dewi@solinda.co.id
ASM  MLG + JMR + MAD + BALI,shanty114.dewi@solinda.co.id
SPV C. MKS ,shanty115.dewi@solinda.co.id
SPV SBY ETH ,shanty116.dewi@solinda.co.id
SPV COM SBY,shanty117.dewi@solinda.co.id
SPV  OTC SBY,shanty118.dewi@solinda.co.id
SPV C. MANADO,shanty119.dewi@solinda.co.id
SPV C. B. ACEH,shanty120.dewi@solinda.co.id
SPV ETH MDN ,shanty121.dewi@solinda.co.id
SPV OTC MDN,shanty122.dewi@solinda.co.id
SPV C. TAP. SEL,shanty123.dewi@solinda.co.id
SPV C. LPG,shanty124.dewi@solinda.co.id
SPV C. PLG ,shanty125.dewi@solinda.co.id
SPV C. BTM,shanty126.dewi@solinda.co.id
SPV C. PDG,shanty127.dewi@solinda.co.id
SPV C. PKU,shanty128.dewi@solinda.co.id
SPV BDG ETH ,shanty129.dewi@solinda.co.id
SPV  OTC BDG,shanty130.dewi@solinda.co.id
SPV  C. CIREBON,shanty131.dewi@solinda.co.id
BEKASI,shanty132.dewi@solinda.co.id
SPV JKT ETH 1 ,shanty133.dewi@solinda.co.id
SPV JKT ETH 2,shanty134.dewi@solinda.co.id
SPV JKT ETH 3,shanty135.dewi@solinda.co.id
SPV C.JOGJA,shanty136.dewi@solinda.co.id
SPV PURWOKERTO,shanty137.dewi@solinda.co.id
SPV COM. SMG,shanty138.dewi@solinda.co.id
SPV C. SOLO,shanty139.dewi@solinda.co.id
SPV KALBAR,shanty140.dewi@solinda.co.id
SPV KALTIM,shanty141.dewi@solinda.co.id
SPV KALSEL,shanty142.dewi@solinda.co.id
SPV PKRY + SMPT,shanty143.dewi@solinda.co.id
SPV C.BOGOR,shanty144.dewi@solinda.co.id
SPV OTC JKT 1,shanty145.dewi@solinda.co.id
SPV OTC JKT 2,shanty146.dewi@solinda.co.id
TANGERANG,shanty147.dewi@solinda.co.id
SPV C. BALI,shanty148.dewi@solinda.co.id
SPV  C. MADIUN,shanty149.dewi@solinda.co.id
SPV C. JEMBER,shanty150.dewi@solinda.co.id
SPV C. MALANG,shanty151.dewi@solinda.co.id
